receiveTime,blockId
13:25:28.585,1
13:25:28.615,2
13:25:55.597,3
13:26:01.925,4
13:26:08.323,5
13:26:18.387,6
13:26:40.648,7
13:26:44.966,8
13:27:25.037,9
13:27:25.163,10
13:27:25.292,11
13:27:25.432,12
13:27:25.515,13
13:27:25.579,14
13:27:25.698,15
13:27:25.780,16
13:27:25.877,17
13:27:26.028,18
13:27:26.130,19
13:27:26.229,20
13:27:26.337,21
13:27:26.464,22
13:27:26.569,23
13:27:26.675,24
13:27:26.789,25
13:27:26.925,26
13:27:26.998,27
13:27:27.258,28
13:27:27.360,29
13:27:27.466,30
13:27:27.571,31
13:27:27.668,32
13:27:27.755,33
13:27:27.862,34
13:27:27.991,35
13:27:28.093,36
13:27:28.202,37
13:27:28.285,38
13:27:28.431,39
13:27:28.525,40
13:27:28.823,41
13:27:28.889,42
13:27:29.007,43
13:27:29.097,44
13:27:29.204,45
13:27:29.265,46
13:27:29.344,47
13:27:29.433,48
13:27:29.572,49
13:27:29.698,50
13:27:29.788,51
13:27:29.877,52
13:27:30.031,53
13:27:30.112,54
13:27:30.231,55
13:27:30.364,56
13:27:30.499,57
13:27:30.581,58
13:27:30.797,59
13:27:30.908,60
13:27:31.054,61
13:27:31.134,62
13:27:31.227,63
13:27:31.317,64
13:27:31.503,65
13:27:31.610,66
13:27:31.714,67
13:27:31.861,68
13:27:32.009,69
13:27:32.155,70
13:27:32.250,71
13:27:32.355,72
13:27:32.458,73
13:27:32.563,74
13:27:32.719,75
13:27:32.809,76
13:27:32.924,77
13:27:33.084,78
13:27:33.215,79
13:27:33.307,80
13:27:33.426,81
13:27:33.562,82
13:27:33.682,83
13:27:33.822,84
13:27:33.941,85
13:27:34.147,86
13:27:34.252,87
13:27:34.356,88
13:27:34.469,89
13:27:34.599,90
13:27:34.756,91
13:27:34.854,92
13:27:34.970,93
13:27:35.103,94
13:27:35.215,95
13:27:35.334,96
13:27:35.463,97
13:27:35.546,98
13:27:35.654,99
13:27:35.798,100
13:27:35.919,101
13:27:36.056,102
13:27:36.226,103
13:27:36.332,104
13:27:36.479,105
13:27:36.569,106
13:27:36.707,107
13:27:36.831,108
13:27:36.959,109
13:27:37.095,110
13:27:37.193,111
13:27:37.296,112
13:27:37.415,113
13:27:37.512,114
13:27:37.648,115
13:27:37.718,116
13:27:37.829,117
13:27:37.924,118
13:27:38.027,119
13:27:38.134,120
13:27:38.282,121
13:27:38.375,122
13:27:38.511,123
13:27:38.652,124
13:27:38.768,125
13:27:38.892,126
13:27:39.016,127
13:27:39.081,128
13:27:39.220,129
13:27:39.325,130
13:27:39.423,131
13:27:39.529,132
13:27:39.647,133
13:27:39.806,134
13:27:39.913,135
13:27:40.001,136
13:27:40.085,137
13:27:40.240,138
13:27:40.365,139
13:27:40.478,140
13:27:40.631,141
13:27:40.784,142
13:27:40.922,143
13:27:41.039,144
13:27:41.157,145
13:27:41.281,146
13:27:41.409,147
13:27:41.513,148
13:27:41.624,149
13:27:41.702,150
13:27:41.819,151
13:27:41.969,152
13:27:42.079,153
13:27:42.171,154
13:27:42.281,155
13:27:42.360,156
13:27:42.524,157
13:27:42.654,158
13:27:42.742,159
13:27:42.903,160
13:27:43.026,161
13:27:43.113,162
13:27:43.435,163
13:27:43.545,164
13:27:43.672,165
13:27:43.773,166
13:27:43.872,167
13:27:43.959,168
13:27:44.093,169
13:27:44.230,170
13:27:44.332,171
13:27:44.492,172
13:27:44.619,173
13:27:44.793,174
13:27:44.911,175
13:27:45.013,176
13:27:45.130,177
13:27:45.218,178
13:27:45.376,179
13:27:45.465,180
13:27:45.540,181
13:27:45.643,182
13:27:45.758,183
13:27:45.875,184
13:27:45.988,185
13:27:46.102,186
13:27:46.201,187
13:27:46.313,188
13:27:46.457,189
13:27:46.600,190
13:27:46.704,191
13:27:46.814,192
13:27:46.898,193
13:27:46.990,194
13:27:47.073,195
13:27:47.184,196
13:27:47.355,197
13:27:47.505,198
13:27:47.756,199
13:27:47.973,200
13:27:48.150,201
13:27:48.277,202
13:27:48.406,203
13:27:48.530,204
13:27:48.657,205
13:27:48.828,206
13:27:48.959,207
13:27:49.066,208
13:27:49.148,209
13:27:49.274,210
13:27:49.393,211
13:27:49.492,212
13:27:49.600,213
13:27:49.694,214
13:27:49.791,215
13:27:49.861,216
13:27:50.054,217
13:27:50.151,218
13:27:50.301,219
13:27:50.376,220
13:27:50.504,221
13:27:50.595,222
13:27:50.691,223
13:27:50.806,224
13:27:50.908,225
13:27:51.032,226
13:27:51.171,227
13:27:51.286,228
13:27:51.449,229
13:27:51.582,230
13:27:51.701,231
13:27:51.850,232
13:27:51.990,233
13:27:52.108,234
13:27:52.284,235
13:27:52.436,236
13:27:52.554,237
13:27:52.662,238
13:27:52.807,239
13:27:52.933,240
13:27:53.041,241
13:27:53.199,242
13:27:53.312,243
13:27:53.438,244
13:27:53.568,245
13:27:53.702,246
13:27:53.807,247
13:27:53.940,248
13:27:54.075,249
13:27:54.205,250
13:27:54.347,251
13:27:54.564,252
13:27:54.767,253
13:27:54.948,254
13:27:55.115,255
13:27:55.207,256
13:27:55.288,257
13:27:57.080,258
13:55:14.038,259
13:55:14.170,260
13:55:14.340,261
13:55:14.422,262
13:55:14.517,263
13:55:14.631,264
13:55:14.709,265
13:55:14.834,266
13:55:14.949,267
13:55:15.054,268
13:55:15.137,269
13:55:15.278,270
13:55:15.428,271
13:55:15.520,272
13:55:15.609,273
13:55:15.688,274
13:55:15.775,275
13:55:15.922,276
13:55:16.012,277
13:55:16.079,278
13:55:16.216,279
13:55:16.364,280
13:55:16.467,281
13:55:16.584,282
13:55:16.677,283
13:55:16.788,284
13:55:16.917,285
13:55:17.012,286
13:55:17.128,287
13:55:17.234,288
13:55:17.350,289
13:55:17.471,290
13:55:17.552,291
13:55:17.650,292
13:55:17.756,293
13:55:17.857,294
13:55:17.944,295
13:55:18.048,296
13:55:18.152,297
13:55:18.317,298
13:55:18.443,299
13:55:18.538,300
13:55:18.630,301
13:55:18.756,302
13:55:18.912,303
13:55:19.003,304
13:55:19.091,305
13:55:19.144,306
13:55:19.273,307
13:55:19.434,308
13:55:19.526,309
13:55:19.644,310
13:55:19.722,311
13:55:19.850,312
13:55:19.940,313
13:55:20.041,314
13:55:20.146,315
13:55:20.251,316
13:55:20.369,317
13:55:20.479,318
13:55:20.577,319
13:55:20.660,320
13:55:20.765,321
13:55:20.862,322
13:55:20.971,323
13:55:21.073,324
13:55:21.202,325
13:55:21.311,326
13:55:21.419,327
13:55:21.541,328
13:55:21.690,329
13:55:21.776,330
13:55:21.863,331
13:55:21.998,332
13:55:22.084,333
13:55:22.188,334
13:55:22.311,335
13:55:22.405,336
13:55:22.490,337
13:55:22.581,338
13:55:22.666,339
13:55:22.800,340
13:55:22.905,341
13:55:23.004,342
13:55:23.146,343
13:55:23.276,344
13:55:23.374,345
13:55:23.503,346
13:55:23.589,347
13:55:23.695,348
13:55:23.819,349
13:55:23.945,350
13:55:24.062,351
13:55:24.155,352
13:55:24.255,353
13:55:24.389,354
13:55:24.476,355
13:55:24.593,356
13:55:24.695,357
13:55:24.770,358
13:55:24.852,359
13:55:24.958,360
13:55:25.058,361
13:55:25.155,362
13:55:25.276,363
13:55:25.378,364
13:55:25.498,365
13:55:25.618,366
13:55:25.710,367
13:55:25.848,368
13:55:25.980,369
13:55:26.079,370
13:55:26.202,371
13:55:26.317,372
13:55:26.443,373
13:55:26.572,374
13:55:26.652,375
13:55:26.774,376
13:55:26.883,377
13:55:26.984,378
13:55:27.100,379
13:55:27.212,380
13:55:27.328,381
13:55:27.425,382
13:55:27.554,383
13:55:27.686,384
13:55:27.788,385
13:55:27.880,386
13:55:28.002,387
13:55:28.103,388
13:55:28.254,389
13:55:28.384,390
13:55:28.501,391
13:55:28.596,392
13:55:28.724,393
13:55:28.824,394
13:55:28.953,395
13:55:29.045,396
13:55:29.187,397
13:55:29.351,398
13:55:29.471,399
13:55:29.558,400
13:55:29.694,401
13:55:29.773,402
13:55:29.852,403
13:55:29.972,404
13:55:30.044,405
13:55:30.116,406
13:55:30.222,407
13:55:30.327,408
13:55:30.425,409
13:55:30.552,410
13:55:30.619,411
13:55:30.720,412
13:55:30.809,413
13:55:30.934,414
13:55:31.057,415
13:55:31.178,416
13:55:31.292,417
13:55:31.436,418
13:55:31.538,419
13:55:31.677,420
13:55:31.825,421
13:55:31.986,422
13:55:32.112,423
13:55:32.269,424
13:55:32.367,425
13:55:32.454,426
13:55:32.545,427
13:55:32.661,428
13:55:32.765,429
13:55:32.862,430
13:55:32.946,431
13:55:33.067,432
13:55:33.176,433
13:55:33.299,434
13:55:33.408,435
13:55:33.531,436
13:55:33.638,437
13:55:33.756,438
13:55:33.852,439
13:55:34.015,440
13:55:34.082,441
13:55:34.173,442
13:55:34.271,443
13:55:34.412,444
13:55:34.555,445
13:55:34.694,446
13:55:34.790,447
13:55:34.963,448
13:55:35.073,449
13:55:35.191,450
13:55:35.322,451
13:55:35.431,452
13:55:35.536,453
13:55:35.703,454
13:55:35.840,455
13:55:35.972,456
13:55:36.060,457
13:55:36.174,458
13:55:36.325,459
13:55:36.477,460
13:55:36.622,461
13:55:36.781,462
13:55:36.864,463
13:55:36.962,464
13:55:37.049,465
13:55:37.186,466
13:55:37.327,467
13:55:37.409,468
13:55:37.541,469
13:55:37.665,470
13:55:37.775,471
13:55:37.894,472
13:55:38.023,473
13:55:38.115,474
13:55:38.269,475
13:55:38.436,476
13:55:38.528,477
13:55:38.627,478
13:55:38.770,479
13:55:38.863,480
13:55:38.991,481
13:55:39.095,482
13:55:39.227,483
13:55:39.324,484
13:55:39.422,485
13:55:39.547,486
13:55:39.694,487
13:55:39.777,488
13:55:39.886,489
13:55:40.011,490
13:55:40.136,491
13:55:40.284,492
13:55:40.376,493
13:55:40.499,494
13:55:40.617,495
13:55:40.768,496
13:55:40.914,497
13:55:41.041,498
13:55:41.144,499
13:55:41.286,500
13:55:41.399,501
13:55:41.488,502
13:55:41.571,503
13:55:41.668,504
13:55:41.838,505
13:55:41.945,506
13:55:42.056,507
13:55:42.187,508
13:55:42.340,509
13:55:42.448,510
13:55:42.579,511
13:55:42.696,512
13:55:42.777,513
13:55:42.847,514
13:55:42.977,515
13:55:43.147,516
13:55:43.324,517
13:55:43.461,518
13:55:43.583,519
13:55:43.805,520
13:55:43.960,521
13:55:44.070,522
13:55:44.146,523
13:55:44.220,524
13:55:44.315,525
13:55:44.399,526
13:55:44.451,527
13:55:44.518,528
13:55:44.603,529
13:55:44.676,530
13:55:44.731,531
13:55:44.802,532
13:55:44.876,533
13:55:44.942,534
13:55:45.008,535
13:55:45.076,536
13:55:45.123,537
13:55:45.183,538
13:55:45.248,539
13:59:34.042,540
13:59:34.230,541
13:59:34.420,542
13:59:34.524,543
13:59:34.640,544
13:59:34.725,545
13:59:34.842,546
13:59:34.933,547
13:59:35.037,548
13:59:35.121,549
13:59:35.260,550
13:59:35.376,551
13:59:35.545,552
13:59:35.702,553
13:59:35.794,554
13:59:35.932,555
13:59:36.047,556
13:59:36.174,557
13:59:36.286,558
13:59:36.378,559
13:59:36.516,560
13:59:36.616,561
13:59:36.712,562
13:59:36.906,563
13:59:37.013,564
13:59:37.131,565
13:59:37.226,566
13:59:37.364,567
13:59:37.455,568
13:59:37.566,569
13:59:37.667,570
13:59:37.771,571
13:59:37.885,572
13:59:37.985,573
13:59:38.124,574
13:59:38.246,575
13:59:38.394,576
13:59:38.484,577
13:59:38.617,578
13:59:38.711,579
13:59:38.825,580
13:59:38.935,581
13:59:39.048,582
13:59:39.165,583
13:59:39.302,584
13:59:39.435,585
13:59:39.562,586
13:59:39.657,587
13:59:39.755,588
13:59:39.868,589
13:59:40.021,590
13:59:40.143,591
13:59:40.287,592
13:59:40.381,593
13:59:40.515,594
13:59:40.625,595
13:59:40.742,596
13:59:40.835,597
13:59:40.951,598
13:59:41.039,599
13:59:41.216,600
13:59:41.327,601
13:59:41.448,602
13:59:41.556,603
13:59:41.679,604
13:59:41.791,605
13:59:41.892,606
13:59:41.993,607
13:59:42.085,608
13:59:42.183,609
13:59:42.347,610
13:59:42.455,611
13:59:42.598,612
13:59:42.749,613
13:59:42.877,614
13:59:43.016,615
13:59:43.144,616
13:59:43.263,617
13:59:43.393,618
13:59:43.509,619
13:59:43.621,620
13:59:43.758,621
13:59:43.872,622
13:59:43.997,623
13:59:44.129,624
13:59:44.247,625
13:59:44.373,626
13:59:44.463,627
13:59:44.582,628
13:59:44.684,629
13:59:44.815,630
13:59:44.896,631
13:59:45.006,632
13:59:45.106,633
13:59:45.240,634
13:59:45.396,635
13:59:45.485,636
13:59:45.600,637
13:59:45.708,638
13:59:45.811,639
13:59:45.958,640
13:59:46.037,641
13:59:46.157,642
13:59:46.293,643
13:59:46.427,644
13:59:46.541,645
13:59:46.667,646
13:59:46.821,647
13:59:46.933,648
13:59:47.032,649
13:59:47.175,650
13:59:47.334,651
13:59:47.439,652
13:59:47.543,653
13:59:47.665,654
13:59:47.777,655
13:59:47.983,656
13:59:48.086,657
13:59:48.203,658
13:59:48.323,659
13:59:48.452,660
13:59:48.616,661
13:59:48.761,662
13:59:48.928,663
13:59:49.095,664
13:59:49.278,665
13:59:49.421,666
13:59:49.531,667
13:59:49.662,668
13:59:49.762,669
13:59:49.874,670
13:59:50.029,671
13:59:50.173,672
13:59:50.348,673
13:59:50.483,674
13:59:50.596,675
13:59:50.781,676
13:59:50.882,677
13:59:51.018,678
13:59:51.160,679
13:59:51.333,680
13:59:51.475,681
13:59:51.597,682
13:59:51.707,683
13:59:51.847,684
13:59:52.030,685
13:59:52.210,686
13:59:52.388,687
13:59:52.502,688
13:59:52.594,689
13:59:52.693,690
13:59:52.822,691
13:59:52.938,692
13:59:53.080,693
13:59:53.210,694
13:59:53.389,695
13:59:53.557,696
13:59:53.711,697
13:59:53.801,698
13:59:53.958,699
13:59:54.081,700
13:59:54.226,701
13:59:54.396,702
13:59:54.526,703
13:59:54.666,704
13:59:54.828,705
13:59:54.954,706
13:59:55.083,707
13:59:55.204,708
13:59:55.331,709
13:59:55.433,710
13:59:55.538,711
13:59:55.648,712
13:59:55.740,713
13:59:55.864,714
13:59:56.015,715
13:59:56.152,716
13:59:56.335,717
13:59:56.443,718
13:59:56.552,719
13:59:56.659,720
13:59:56.798,721
13:59:56.929,722
13:59:57.100,723
13:59:57.242,724
13:59:57.375,725
13:59:57.489,726
13:59:57.595,727
13:59:57.702,728
13:59:57.813,729
13:59:57.932,730
13:59:58.103,731
13:59:58.280,732
13:59:58.422,733
13:59:58.569,734
13:59:58.750,735
13:59:58.892,736
13:59:59.036,737
13:59:59.151,738
13:59:59.330,739
13:59:59.507,740
13:59:59.652,741
13:59:59.759,742
13:59:59.875,743
14:00:00.047,744
14:00:00.235,745
14:00:00.636,746
14:00:00.879,747
14:00:01.118,748
14:00:01.320,749
14:00:01.504,750
14:00:01.672,751
14:00:01.809,752
14:00:01.972,753
14:00:02.144,754
14:00:02.337,755
14:00:02.495,756
14:00:02.631,757
14:00:02.754,758
14:00:02.864,759
14:00:02.997,760
14:00:03.156,761
14:00:03.335,762
14:00:03.497,763
14:00:03.626,764
14:00:03.758,765
14:00:03.895,766
14:00:04.040,767
14:00:04.114,768
14:00:04.182,769
14:00:04.286,770
14:00:04.400,771
14:00:04.484,772
14:00:04.573,773
14:00:04.671,774
14:00:04.760,775
14:00:04.868,776
14:00:04.961,777
14:00:05.048,778
14:00:05.145,779
14:00:05.238,780
14:00:05.328,781
14:00:05.433,782
14:00:05.546,783
